{
    "tests": [
        {
            "runOn": [
                {
                    "platforms": [
                        "windows",
                        "mac",
                        "linux"
                    ],
                    "browsers": {
                        "name": "chrome",
                        "headless": false,
                        "window": {
                            "width": 1200,
                            "height": 1500
                        },
                        "viewport": {
                            "width": 1180,
                            "height": 1480
                        }
                    }
                }
            ],
            "steps": [
                {
                    "description": "Go to the specified URL",
                    "goTo": "http://localhost:8080/watson_and_holmes_intake_form.html"
                },
                {
                    "description": "Type in the First Name",
                    "find": {
                        "elementText": "First Name:",
                        "click": true,
                        "type": "Alphie"
                    }
                },
                {
                    "description": "Type in the Last Name",
                    "find": {
                        "elementText": "Last Name:",
                        "click": true,
                        "type": "Betaux"
                    }
                },
                {
                    "description": "Capture a screenshot of the completed form.",
                    "screenshot": "./output/form-filled-1-first-and-last-name.png"
                },
                {
                    "description:": "Pause long enough to show the changes.",
                    "wait": 10000
                }
            ]
        }
    ]
}